ProductId,Time,Rating,Sentiment Score,Sentiment Label,Summary
P1000-01,2019-07-31,5,0.676449,positive,Beneful Dog Food is all we use
P1000-01,2019-07-23,5,-0.395163,negative,The ONLY dog food our dog will eat!
P1000-01,2019-07-22,4,0.638935,positive,More sugar and salt than peas and carrots
P1000-04,2019-04-23,5,0.500265,positive,Cant say anything that hasnt already been said!
P1000-05,2019-09-02,5,0.387746,positive,Surprise Surprise Surprise
P1000-05,2019-03-22,5,0.621224,positive,Yummy!
P1000-01,2019-08-27,4,-0.794070,negative,"A healthy, well-digesting food that is just a little large for my dogs."
P1000-01,2019-06-04,5,-0.441767,negative,"I tried it and didnt like it, dogs did though."
P1000-01,2019-08-19,5,0.556436,positive,The dog seems to enjoy it
P1000-05,2019-07-03,5,0.675869,positive,Best Coconut Oil
P1000-01,2019-06-07,1,-0.656097,negative,Complete Garbage and Chemicals for your animals - Great marketing with pretty pics of vegetables.
P1000-01,2019-07-28,5,0.749027,positive,Dog food your vet would approve
P1000-05,2019-03-22,5,0.659488,positive,Amazing Skin and Hair Softener!
P1000-05,2019-01-27,4,0.573720,positive,So far so good!
P1000-01,2019-08-12,5,0.600024,positive,Dogs love it. We've switched from Pedigree.
P1000-05,2019-05-13,5,0.919064,positive,great coconut oil and great price!
P1000-02,2019-10-28,1,-0.748235,negative,YUCK! :(
P1000-01,2019-07-25,3,0.493355,positive,I want to like it...
P1000-05,2019-01-15,5,0.570529,positive,Creamiest brand ever
P1000-01,2019-08-20,3,-0.511233,negative,Two Bichons  comment...
P1000-05,2019-01-12,5,0.746873,positive,instant pedicure in a bottle
P1000-01,2019-08-15,3,-0.737492,negative,"OK I guess, but seems costly."
P1000-05,2019-02-14,3,0.580223,positive,Coconut Oil
P1000-04,2019-05-03,5,0.871275,positive,Great for everything!!
P1000-05,2019-05-30,5,0.760975,positive,Coconut Oil
P1000-05,2019-09-05,5,0.788901,positive,I love this stuff!
P1000-01,2019-07-25,4,0.954123,positive,Healthy Dog Food
P1000-05,2019-12-19,4,-0.348918,negative,Great product.
P1000-05,2019-05-18,5,-0.720399,negative,Finally!!! Amazing result!!!
P1000-05,2019-05-24,5,0.771250,positive,Great stuff!
P1000-05,2019-11-08,5,0.809573,positive,Coconut Oil
P1000-01,2019-07-19,1,-0.481483,negative,Multiple species refused to eat this food
P1000-01,2019-10-16,5,0.317227,positive,My dogs were begging for it!
P1000-01,2019-05-21,2,-0.383127,negative,"Dog loves it, price is a bit high, question the quality of ingredients"
P1000-05,2019-05-26,4,0.718015,positive,Coconut oil
P1000-01,2019-04-30,1,0.334751,positive,Horrible food!!
P1000-05,2019-08-02,4,0.898103,positive,Coconut oil
P1000-05,2019-09-17,4,0.827414,positive,"Great for my hair, and cooking!"
P1000-05,2019-06-10,5,0.783068,positive,Great Stuff!
P1000-05,2019-09-17,5,0.706893,positive,Does it all!!
P1000-05,2019-09-08,5,-0.490284,negative,"What ""Extra Virgin"" label  mean for coconut ?????"
P1000-01,2019-07-23,4,0.424555,positive,Dog likes it
P1000-01,2019-07-19,4,0.672798,positive,A favorite in our house
P1000-04,2019-06-24,5,0.361968,positive,Good Taste
P1000-05,2019-08-11,5,0.987410,positive,so good
P1000-01,2019-07-29,5,0.944986,positive,My dogs approve!
P1000-04,2019-05-21,5,0.530388,positive,Well Worth Trying
P1000-05,2019-04-18,5,0.595520,positive,Wonderful
P1000-05,2019-08-19,5,0.873513,positive,Excellent body cream!
P1000-01,2019-07-24,3,-0.284151,negative,"Dog Not a Big Fan, but the Cats Loved It"
P1000-01,2019-06-14,4,0.635951,positive,How to review dog food
P1000-01,2019-07-26,3,0.439581,positive,"Labradoodle & Yorkie both are enjoying this but ingredients are nothing exceptional or ""beneficial"" IMO!"
P1000-04,2019-09-12,4,-0.587654,negative,Coconut oil can seep past the new opaque white plastic Jar.
P1000-04,2019-05-07,5,0.954651,positive,Wonderful!!!!!!!!!
P1000-01,2019-08-15,2,0.672967,positive,Max doesn't care for it
P1000-01,2019-08-27,5,-0.816558,negative,Nice size bag
P1000-05,2019-07-01,5,0.739063,positive,Works magically on hair
P1000-01,2019-07-18,3,-0.340689,negative,"Better than ""Dog Chow"" but not by much"
P1000-04,2019-09-22,5,0.790337,positive,Multi-Use!
P1000-05,2019-08-28,5,0.904618,positive,great for scars
P1000-05,2019-05-21,5,0.909956,positive,Love it!!
P1000-01,2019-09-25,1,0.288750,positive,Great food for dogs who need corn
P1000-05,2019-01-11,5,0.884164,positive,AMAZING
P1000-05,2019-05-23,5,0.786739,positive,great
P1000-04,2019-08-18,5,0.701499,positive,Best ever oil!
P1000-01,2019-08-11,5,0.677782,positive,The Go-to Dog Food for Emmy
P1000-01,2019-08-13,4,0.333178,positive,My Dog Loves This!
P1000-05,2019-05-23,5,0.750806,positive,great to have
P1000-05,2019-02-16,5,0.631711,positive,Absolutely great!!
P1000-01,2019-07-25,5,0.285112,positive,The dog loves it
P1000-01,2019-07-20,4,0.759282,positive,Good basic maintenance dog food
P1000-01,2019-05-22,2,-0.585437,negative,"""Wholesale"" Ingredients... Enough said!"
P1000-04,2019-06-17,5,0.721981,positive,best coconut oil I have found
P1000-04,2019-11-25,4,0.860603,positive,Nice for cooking
P1000-01,2019-05-23,5,0.983622,positive,funny dogs
P1000-05,2019-02-10,5,0.962053,positive,Great buy!
P1000-02,2019-11-24,5,0.897294,positive,didnt use yet
P1000-01,2019-02-25,1,-0.698938,negative,"False Advertising, Terrible Dog Food!!"
P1000-04,2019-08-26,5,0.292348,positive,Great product!!
P1000-01,2019-08-10,4,0.544244,positive,Doggy Loves It!
P1000-01,2019-08-19,4,-0.354137,negative,Most (of my) Dogs Love It!
P1000-02,2019-07-06,5,0.852610,positive,Refreshing for the Afternoon Blahs
P1000-01,2019-08-07,4,-0.626737,negative,"Dogs like it, and it seems to be pretty comparable to similar foods on the market."
P1000-05,2019-08-22,5,0.905923,positive,Organic and Multi-Purpose
P1000-04,2019-08-30,5,0.851317,positive,Great for everything!
P1000-05,2019-10-01,5,0.582171,positive,Love This!
P1000-05,2019-04-07,5,0.712029,positive,"Excellent for skin, hair, and cooking"
P1000-02,2019-08-15,1,-0.352585,negative,"Vending Machine Coffee, dont buy it."
P1000-05,2019-08-07,4,0.661897,positive,Great for homemade baby wipes
P1000-05,2019-06-28,5,-0.786547,negative,Gold in a jar
P1000-01,2019-08-14,5,0.302054,positive,Good budget food....
P1000-04,2019-12-16,5,0.650931,positive,Best coconut oil
P1000-01,2019-08-15,5,0.599751,positive,beef tallow preserved with mixed-tocopherols
P1000-01,2019-08-17,3,-0.389240,negative,Not as well liked by my dogs
P1000-05,2019-09-15,5,0.984418,positive,organic coconut oil
P1000-02,2019-12-08,5,0.915862,positive,It was exactly what I expected.
P1000-05,2019-10-18,5,-0.879824,negative,Lowered my triglycerides
P1000-02,2019-08-07,4,0.892193,positive,Great Cup
P1000-02,2019-09-27,5,0.445646,positive,Best Deal Around
P1000-01,2019-07-25,5,0.664831,positive,Great taste; lost weight.
P1000-02,2019-12-05,1,0.606223,positive,Don't buy it!
P1000-05,2019-07-08,5,0.887948,positive,Great Product!
P1000-05,2019-09-19,5,0.692451,positive,LOVE  LOVE  LOVE
P1000-05,2019-03-21,3,0.771854,positive,coconut oil
P1000-01,2019-08-20,4,0.454626,positive,Our Picky Boy Likes It!!!
P1000-04,2019-04-08,5,0.923111,positive,"GREAT COCONUT OIL....Try it, you'll like it!"
P1000-01,2019-08-15,5,0.644198,positive,"Pets crave it, overall worked well for allergic dogs"
P1000-02,2019-01-19,2,0.429406,positive,Big Dissapointment
P1000-05,2019-06-17,5,0.657977,positive,YUM! All aboard the coconut train!!
P1000-01,2019-07-04,3,0.425944,positive,Dogs Love It But Is It beneficial?
P1000-05,2019-09-12,3,0.698000,positive,is it safe to store oil in BPA bottle?
P1000-05,2019-03-28,5,0.518372,positive,Pure and tasty CoconutOil from Amazon
P1000-05,2019-02-19,4,-0.626597,negative,Delicious and a world of uses!
P1000-05,2019-09-25,5,0.621737,positive,Tastes Good And Is Not Expensive
P1000-05,2019-08-23,5,0.862846,positive,So many uses
P1000-05,2019-04-04,5,0.775743,positive,Very healthy
P1000-05,2019-10-28,5,-0.508541,negative,"BEST OIL FOR BAKING, FRYING, SKIN SOFTENER, OR RIGHT OUT OF THE JAR"
P1000-01,2019-05-21,3,0.361623,positive,"My Dog Likes It, Though Perhaps He Shouldn't."
P1000-01,2019-06-10,3,0.508171,positive,Standard dog food.
P1000-01,2019-07-24,5,-0.702095,negative,Two Paws Up
P1000-04,2019-06-10,5,0.656022,positive,Great product!
P1000-05,2019-09-16,5,0.690479,positive,Smells so GOOD
P1000-01,2019-09-05,4,0.620052,positive,Dogs loved it
P1000-05,2019-10-22,5,0.804084,positive,BEST ORGANIC COCONUT OIL
P1000-05,2019-01-18,5,-0.598026,negative,"High quality, low cost product"
P1000-01,2019-07-24,4,0.768000,positive,4-paws from my dog!!
P1000-01,2019-08-05,4,0.447487,positive,The dogs love it!
P1000-04,2019-03-26,5,0.826630,positive,Great Product
P1000-05,2019-11-21,4,0.642763,positive,Yet another coconut oil review
P1000-04,2019-10-28,5,0.821969,positive,Multi-tasker
P1000-05,2019-07-02,4,-0.289537,negative,Great for protein treatment on hair
P1000-01,2019-08-10,4,0.948577,positive,Beneful
P1000-05,2019-10-04,5,0.662510,positive,Works Wonders for Black Hair
P1000-01,2019-06-02,1,-0.744596,negative,"More expensive than in the stores, not enough nutrition for dogs."
P1000-05,2019-04-14,5,-0.886918,negative,Excellent facial moisturizer
P1000-02,2019-04-11,1,-0.754421,negative,Not sure what to do with remain 52 k-cups :(
P1000-05,2019-08-20,5,0.851626,positive,Good for so many things!!
P1000-01,2019-07-24,5,-0.393533,negative,LOL!!!!!!!!! My CATS are fighting over this one - they believe it's their food!
P1000-05,2019-03-12,5,0.405274,positive,The smell of sunshine and ice-cream!
P1000-05,2019-08-21,5,0.832632,positive,Fantastic
P1000-05,2019-08-23,5,0.787440,positive,I can't buy enough of this stuff. I use it for everything
P1000-05,2019-07-03,5,0.856164,positive,Great product
P1000-01,2019-09-13,5,0.992699,positive,Dog Loves This Food
P1000-04,2019-01-21,5,-0.362133,negative,I love this
P1000-04,2019-11-02,5,0.895244,positive,"Smells good, tastes good! My dog loves it!"
P1000-01,2019-08-17,5,0.959311,positive,My dog loves this food
P1000-01,2019-07-29,5,0.745714,positive,Your Dog Will Love This
P1000-01,2019-07-23,5,0.498752,positive,"*pant, pant* Yeah, we love it.  *pant, pant*"
P1000-05,2019-07-11,5,0.864764,positive,Love it!!!!!!!!!
P1000-01,2019-06-18,2,-0.658401,negative,"My dogs accepted it, but they crapped 10x more."
P1000-05,2019-10-31,5,0.677624,positive,Great
P1000-04,2019-08-17,5,0.517653,positive,Wonderful!!
P1000-04,2019-06-08,5,0.680364,positive,Excellent texture and taste
P1000-01,2019-07-31,4,0.967773,positive,"My dog loves it, and it's not hard on my bank account"
P1000-04,2019-02-21,5,0.635823,positive,PERFECT
P1000-01,2019-09-07,4,-0.255881,negative,No Complaints
P1000-05,2019-07-24,5,0.423218,positive,Hair Revitalizer
P1000-05,2019-05-20,5,0.762626,positive,Awesome conditioner for thick African American hair!
P1000-01,2019-07-24,4,-0.340120,negative,Fred Votes Yes!
P1000-01,2019-08-14,4,0.297516,positive,"Good dog food, but you certainly pay for it!"
P1000-01,2019-08-08,3,0.504586,positive,"Beneful Dog Food Has its Share of the Good, and the Bad"
P1000-01,2019-09-16,5,0.768830,positive,The Dog Loved It!
P1000-05,2019-08-25,5,0.716992,positive,Coocoo for Coconut Oil!
P1000-01,2019-07-24,4,-0.413174,negative,Picky Shih-Tzu eats it mixed with canned food....
P1000-05,2019-08-29,3,0.872772,positive,Very strong coconut flavor
P1000-01,2019-08-15,3,0.588008,positive,Purina Beneful
P1000-01,2019-07-25,4,0.562114,positive,Some good healthy ingredients
P1000-03,2019-03-04,4,-0.530163,negative,Pug loves it...
P1000-02,2019-10-27,5,0.837984,positive,K-cup coffee
P1000-02,2019-12-12,5,0.781123,positive,The best Cappuccino
P1000-03,2019-12-15,5,0.669422,positive,Excellent
P1000-04,2019-12-12,5,0.744141,positive,"MMMM, coconutty!"
P1000-03,2019-07-09,5,-0.450709,negative,2-Dachshunds CHEW PROOF
P1000-04,2019-08-28,5,0.353212,positive,Wonderful
P1000-02,2019-12-12,5,0.469400,positive,Something we agree on!
P1000-03,2019-09-16,5,0.406580,positive,I love this toy...
P1000-04,2019-02-04,5,0.976399,positive,best oil for your body
P1000-03,2019-02-13,5,0.613345,positive,Tug-A-Jug Med/Lg
P1000-03,2019-10-13,3,0.472180,positive,Great toy
P1000-02,2019-10-20,5,0.764054,positive,Really good for what it is
P1000-03,2019-02-21,4,0.663168,positive,Weezer likes it!
P1000-04,2019-02-24,4,0.702352,positive,"Fresh, flavorful, and hexane-free"
P1000-03,2019-01-08,5,-0.548351,negative,Paws Up for this Toy!
P1000-02,2019-12-03,4,-0.312267,negative,Pleasant Surprise!!
P1000-02,2019-10-04,5,0.965404,positive,Awesome product!
P1000-02,2019-12-29,5,0.786680,positive,K-Cups
P1000-03,2019-11-22,5,0.738723,positive,Great Product!
P1000-02,2019-05-30,2,0.683117,positive,Weird aftertaste...
P1000-04,2019-12-03,5,0.728799,positive,Great buy!
P1000-04,2019-05-07,5,-0.332733,negative,Nutiva Coconut Oil is terrific--be careful ordering it from Amazon!
P1000-02,2019-01-22,3,-0.318315,negative,good until the aftertaste
P1000-02,2019-12-15,4,-0.480558,negative,Bit of an aftertaste
P1000-02,2019-11-04,1,-0.468590,negative,Not what you think--taste wise
P1000-02,2019-09-27,5,0.717834,positive,I really like this!
P1000-02,2019-10-25,1,0.254389,positive,Ew.
P1000-04,2019-02-07,5,0.978524,positive,healtthy cooking
P1000-02,2019-10-26,1,-0.835038,negative,Disgusting.
P1000-04,2019-10-09,5,0.668886,positive,A new family favorite!
P1000-04,2019-07-02,5,0.644958,positive,"Excellent, Clean-Tasting Coconut Oil"
P1000-03,2019-07-07,5,-0.581667,negative,Keeps Shih Tzu busy!
P1000-02,2019-09-28,1,-0.546859,negative,Not worth it
P1000-03,2019-08-12,4,-0.410647,negative,"Great fun, has to be on a rug and needs thin treats"
P1000-02,2019-01-05,5,0.840701,positive,delicious!
P1000-04,2019-08-20,5,0.955661,positive,Great Stuff!
P1000-02,2019-12-04,5,0.971324,positive,Great Product
P1000-03,2019-08-15,1,-0.740366,negative,Too fragile...
P1000-03,2019-12-03,2,0.277733,positive,Broke in less than an hour.
P1000-03,2019-02-23,5,-0.724467,negative,Busy Buddy
P1000-02,2019-11-27,1,-0.938869,negative,Cappuccino cups
P1000-01,2019-07-23,5,0.689089,positive,Dogs love it !!!
P1000-03,2019-07-18,5,0.507439,positive,Busy Buddy Tug a Jug
P1000-03,2019-12-19,5,-0.342166,negative,"Challenging, occuping toy--well worth the spend"
P1000-02,2019-08-04,1,0.712183,positive,DO NOT BUY!!!
P1000-04,2019-05-25,5,0.734035,positive,The best
P1000-03,2019-06-10,5,0.880684,positive,My pup is a fan and addict!
P1000-03,2019-05-27,3,0.440669,positive,Love the Idea But Not as Great in Practice for Us
P1000-02,2019-11-02,5,0.688202,positive,This is so much cheaper then getting my cappuccino from the gas station in the mornings!
P1000-04,2019-02-08,5,0.786870,positive,Healthiest fat on the planet.
P1000-03,2019-04-14,5,0.678414,positive,Great challenge for your dog!
P1000-02,2019-08-08,2,0.433473,positive,MILD and Sweet
P1000-04,2019-07-01,5,0.698928,positive,Like it a lot
P1000-04,2019-02-27,4,0.560627,positive,Coconut Oil
P1000-02,2019-10-17,1,-0.578018,negative,Gas station coffee dispenser garbage
P1000-03,2019-07-01,5,0.265348,positive,Great Toy
P1000-02,2019-11-10,5,0.915721,positive,This is delicious!
P1000-03,2019-08-15,5,0.630624,positive,Tug-a-Jug is WONDERFUL!!
P1000-02,2019-07-17,1,-0.563912,negative,Could barely get through 2 sips..
P1000-04,2019-01-13,5,0.710823,positive,Very versatile
P1000-03,2019-09-24,3,-0.360723,negative,Was good for a while
P1000-03,2019-12-13,3,-0.695740,negative,Maybe my dog isn't the brightest....
P1000-03,2019-04-09,4,-0.392820,negative,Not bad!
P1000-04,2019-02-11,5,0.908150,positive,So delicious!
P1000-03,2019-12-26,5,0.923876,positive,Doggy Approved
P1000-03,2019-12-16,5,0.414270,positive,Great Toy But Not Durable Enough
P1000-02,2019-09-06,5,0.981429,positive,"Grove Square Cappuccino Cups, French VanillaI"
P1000-02,2019-09-19,4,0.307818,positive,Good item
P1000-04,2019-02-02,5,0.524718,positive,Love it!
P1000-03,2019-02-28,5,0.666345,positive,Amazing way to provide treats
P1000-02,2019-02-11,1,0.893884,positive,instant coffee powder!!!!!!
P1000-04,2019-02-01,5,0.865673,positive,I love it
P1000-04,2019-03-09,5,0.653278,positive,What to say?
P1000-04,2019-01-30,5,0.533762,positive,AMAZING!!
P1000-03,2019-05-31,5,0.718232,positive,Great busy toy!
P1000-02,2019-08-31,5,0.593885,positive,Great deal
P1000-03,2019-02-22,4,-0.316825,negative,"Be warned, can double as a club when wielded by strong dog."
P1000-02,2019-05-29,4,0.550610,positive,Excellent alternative
P1000-03,2019-05-18,5,0.335115,positive,My Pooch Loves it
P1000-02,2019-01-24,1,0.658812,positive,Non Sequitur - Instant coffee from K-Cup Brewer
P1000-02,2019-11-30,3,0.301908,positive,Good for K-Cup Instant Gratification
P1000-03,2019-07-20,1,0.430590,positive,Dogs are not impressed
P1000-03,2019-07-18,1,0.644739,positive,Not very busy buddy
P1000-04,2019-01-01,5,0.813664,positive,Miracle Oil
P1000-03,2019-12-07,5,0.754751,positive,very engaging!
P1000-03,2019-01-27,5,0.699916,positive,Tug - a - Jug Excellent Product
P1000-03,2019-09-12,5,-0.343326,negative,I love this toy
P1000-03,2019-01-04,5,0.457516,positive,Puppies All Time Favorite Toy
P1000-03,2019-08-15,5,0.789432,positive,Great toy for food driven Labs
P1000-03,2019-12-31,4,-0.501373,negative,I'm Undecided
P1000-04,2019-06-07,5,0.845659,positive,This is What REAL Coconut Oil Should Be
P1000-03,2019-10-23,2,0.706491,positive,Lids break easily
P1000-01,2019-07-25,5,0.342666,positive,Dog loves it
P1000-01,2019-08-20,4,0.279408,positive,Good choice for my dogs...
P1000-05,2019-06-18,5,0.730361,positive,SUPER!
P1000-05,2019-05-02,5,0.722935,positive,"Tasty, health oil."
P1000-05,2019-02-02,5,0.808484,positive,Fantastic!
P1000-04,2019-12-30,5,0.820116,positive,Replacing My Butter
P1000-05,2019-08-25,5,0.984847,positive,yummy - the real thing!
P1000-04,2019-03-10,5,-0.452404,negative,Nutiva Organic Coconut Oil
P1000-05,2019-01-20,5,0.631099,positive,YUM!  AMBROSIA!
P1000-01,2019-09-25,3,0.599606,positive,My go-to brand
P1000-05,2019-07-27,5,0.890489,positive,Bliss in a Jar
P1000-01,2019-08-12,4,0.789447,positive,the dogs like it
P1000-04,2019-06-24,5,0.777892,positive,amazing product
P1000-01,2019-09-30,4,-0.278966,negative,My Dogs Enjoy It
P1000-05,2019-01-27,5,0.553798,positive,Yum!
P1000-04,2019-02-28,5,0.821130,positive,Excellent product!!!
P1000-05,2019-02-21,5,0.641122,positive,CoconUT........
P1000-05,2019-07-13,5,0.823924,positive,Makes everything taste good...
P1000-04,2019-11-27,5,0.788450,positive,Love coconut oil!
P1000-05,2019-09-01,5,0.451437,positive,LOVE IT
P1000-01,2019-08-15,4,0.713357,positive,palate pleasing and nutritious
P1000-05,2019-04-06,5,0.423546,positive,Coconut Oil and HDL
P1000-01,2019-08-14,3,-0.280969,negative,This isn't good dog food. Here are rules for finding one:
P1000-01,2019-09-25,3,0.334492,positive,"No shedding, eats most of the kibbles."
P1000-05,2019-10-05,3,-0.445066,negative,A few probelms
P1000-01,2019-05-25,5,0.461002,positive,Maltese loves it!!!
P1000-03,2019-05-28,4,0.546928,positive,My dog likes it
P1000-04,2019-07-19,5,0.893806,positive,I love this Coconut Oil
P1000-02,2019-12-15,1,0.554818,positive,A K-Cup Really???????????
P1000-02,2019-12-28,5,0.849821,positive,Delicious!
P1000-03,2019-07-10,1,-0.301731,negative,not for chewing puppies!
P1000-02,2019-12-13,4,0.649690,positive,flavor
P1000-03,2019-01-03,5,-0.315463,negative,Very Good
P1000-03,2019-09-05,5,0.585043,positive,Worth every penny!
P1000-04,2019-11-20,5,-0.444493,negative,"10 Ways to Use it; acne treatment, facial scrub, lip balm, nail strengthener etc"
P1000-03,2019-01-03,5,0.528828,positive,Tug-a-jug gets my dog's approval
P1000-04,2019-12-27,5,0.868147,positive,Delicious... love how it smell
P1000-03,2019-05-29,1,-0.773621,negative,Terrible Dog Toy
P1000-03,2019-02-23,4,-0.482304,negative,Keeps dog busy
P1000-02,2019-01-24,5,0.869677,positive,LOVE!!!
P1000-03,2019-08-13,5,0.546960,positive,Great toy to leave with my dog!
P1000-03,2019-09-24,5,0.545630,positive,Love it!
P1000-02,2019-08-09,5,0.980749,positive,delicious
P1000-03,2019-05-16,5,0.319699,positive,Surprised at how much my dog liked this!
P1000-04,2019-09-22,5,0.914189,positive,My skin is happy!
P1000-03,2019-07-05,5,0.836289,positive,"If you love your dog, you will LOVE the Tug-a-Jug!!!"
P1000-02,2019-10-01,2,0.816452,positive,Bootleg Product?
P1000-04,2019-11-29,5,0.902969,positive,Great Stuff
P1000-03,2019-06-21,5,0.327681,positive,This thing is amazing!
P1000-02,2019-02-01,1,-0.440655,negative,Nasty fake sweetener aftertaste
P1000-03,2019-08-15,5,0.363382,positive,Great Toy for a dog that's tough on toys
P1000-02,2019-11-24,1,-0.760871,negative,total crap
P1000-03,2019-03-21,5,0.616789,positive,Lab puppy loves this
P1000-02,2019-10-03,5,0.778750,positive,Great Flavorl! Great Price!
P1000-04,2019-12-12,4,0.316863,positive,Coconut Oil
P1000-04,2019-10-20,5,0.545703,positive,Best EVCO available!
P1000-03,2019-05-04,5,0.346872,positive,Love it! Best toy yet.
P1000-02,2019-08-27,5,0.878120,positive,Gas Station Coffee? Yep.
P1000-01,2019-07-29,3,0.464706,positive,It is better than most but not as good as some
P1000-04,2019-05-09,5,0.659468,positive,Love this coconut oil
P1000-03,2019-12-05,5,-0.531342,negative,The Forever Toy
P1000-03,2019-10-20,4,-0.433354,negative,Keeps my big Dog busy for a long time!
P1000-03,2019-04-03,5,-0.346568,negative,"Just a Jug, No Tug"
P1000-02,2019-03-23,1,0.545805,positive,Not even close to Cappuccino
P1000-02,2019-11-28,5,-0.934854,negative,Great Cappuccino
P1000-03,2019-12-05,4,0.357099,positive,"One dog loves it, the other couldn't figure it out!"
P1000-02,2019-12-12,1,-0.963437,negative,Burnt tasting garbage
P1000-03,2019-09-27,1,-0.351188,negative,Not for a medium chewer!
P1000-03,2019-01-09,2,-0.547040,negative,Boisterous but not busy
P1000-02,2019-09-16,5,0.712829,positive,excellent
P1000-03,2019-03-15,5,0.673235,positive,My dog loves this thing
P1000-04,2019-02-13,5,0.893932,positive,Can be used for everything!!
P1000-04,2019-10-05,4,0.974948,positive,Yummy!
P1000-04,2019-02-06,5,0.729588,positive,LOVE LOVE LOVE
P1000-04,2019-04-24,5,-0.421021,negative,Great Product & Amazon Service. Expect Greasy Delivery in Hot Weather.
P1000-04,2019-05-18,5,0.970426,positive,"Wonderful oil, very happy with it"
P1000-02,2019-12-16,5,0.293518,positive,great cappuccino
P1000-02,2019-12-26,5,0.985969,positive,Yum!
P1000-03,2019-08-08,5,0.402149,positive,Great distraction! I get so much done!
P1000-02,2019-10-04,1,-0.868162,negative,Absolutely Vile
P1000-04,2019-04-25,5,-0.514044,negative,Why are we no longer able to autoship my item?
P1000-04,2019-11-21,5,0.705240,positive,"Tastes like coconut, is delicious and healthy!"
P1000-03,2019-06-23,5,0.613822,positive,Fantastic toy for a smart energetic dog
P1000-03,2019-04-04,2,0.654392,positive,My Dogs completely ignore it.
P1000-04,2019-03-11,5,0.771790,positive,Great for many uses
P1000-04,2019-01-17,4,0.882632,positive,Not good for popcorn
P1000-02,2019-01-16,5,0.736596,positive,Gas Station Cappuccino
P1000-02,2019-05-29,1,-0.635089,negative,There's a reason why these are so cheap
P1000-03,2019-03-15,4,-0.438201,negative,Favorite toy - just plan to replace it frequently
P1000-03,2019-04-15,3,-0.499993,negative,eat-a-rope
P1000-03,2019-05-12,5,0.531072,positive,Essential equipment for our puppy
P1000-04,2019-06-08,5,0.998355,positive,Awesome product!
P1000-02,2019-12-28,5,0.931439,positive,Cappuccino kcups
P1000-04,2019-10-16,5,0.922235,positive,Great for many things!
P1000-03,2019-02-07,5,0.270130,positive,Excellent product
P1000-03,2019-09-09,5,0.523287,positive,My Dogs LOVE Tug-a-Jug!
P1000-02,2019-12-13,5,0.551079,positive,My wife loves it.
P1000-03,2019-10-23,5,-0.322783,negative,Doggy  treat puzzler
P1000-01,2019-07-30,5,-0.441696,negative,...sat up and begged for more. :)
P1000-04,2019-11-11,4,0.929114,positive,Love it
P1000-04,2019-02-27,5,0.560596,positive,The everything oil..
P1000-03,2019-02-23,3,0.625541,positive,"bottle may be bullet proof, but plastic rope is easily broken"
P1000-02,2019-09-16,4,0.698142,positive,"Not quite coffee, but delicious!"
P1000-04,2019-05-24,5,0.967361,positive,Cocunut Oil
P1000-04,2019-05-08,5,0.872837,positive,I absolutely LOVE the taste ...
P1000-04,2019-02-07,5,0.902222,positive,nutiva coconut oil
P1000-02,2019-09-21,4,0.480040,positive,Good Product for the Money
P1000-04,2019-05-14,5,0.880029,positive,*~~~Wonderful Product~~~*
P1000-03,2019-04-03,5,0.775008,positive,My dogs LOVE this toy!
P1000-03,2019-04-16,4,0.659505,positive,Larger than I though
P1000-04,2019-03-26,5,0.686402,positive,New user and LOVE it!!
P1000-03,2019-11-06,5,0.455878,positive,Made our dog ENJOY meal time!
P1000-03,2019-06-28,4,0.437072,positive,Fun Little Toy
P1000-02,2019-07-29,5,0.698964,positive,K-cups
P1000-04,2019-05-15,5,0.281693,positive,We love this stuff!
P1000-03,2019-03-03,5,0.696697,positive,Great Toy
P1000-04,2019-10-02,5,0.745809,positive,Delicious
P1000-03,2019-08-19,1,0.443874,positive,Not for powerful chewers!
P1000-02,2019-09-14,5,0.806547,positive,Heavenly
P1000-04,2019-10-01,5,0.789655,positive,Best Tasting Coconut Oil I've Tried:  Quality is A+
P1000-02,2019-01-31,2,0.556041,positive,Clogged up my Keurig
P1000-04,2019-04-23,5,0.380901,positive,Great product at a great price
P1000-02,2019-12-25,5,0.797749,positive,Delicious Cappucino Hot or Cold!
P1000-04,2019-02-02,5,0.362983,positive,BEST PRICE - BEST PRODUCT!
P1000-03,2019-02-17,4,0.335665,positive,Good for fast eaters
P1000-02,2019-01-04,5,-0.435202,negative,Delicious
P1000-02,2019-04-23,1,-0.405832,negative,blah
P1000-04,2019-04-11,5,0.662119,positive,Wonderful taste....!
P1000-02,2019-12-12,1,-0.445914,negative,Angry
P1000-02,2019-08-05,5,0.712414,positive,Awesome Beverage
P1000-04,2019-11-04,5,0.912798,positive,"Excellent taste, good value"
P1000-02,2019-12-14,2,0.628258,positive,Disappointed. . .
P1000-04,2019-07-24,5,0.953241,positive,Popcorn taste so much better with this
P1000-04,2019-03-25,5,0.720652,positive,This STUFF ROCKS!!
P1000-03,2019-01-22,5,0.581246,positive,excellent
P1000-03,2019-11-10,4,0.452847,positive,"great toy, but rope was in the way  ;-)"
P1000-02,2019-01-27,5,0.711505,positive,Love this product
P1000-03,2019-01-19,4,-0.339298,negative,Lasted longer than I thought!
P1000-02,2019-08-10,5,0.947313,positive,My evening treat
P1000-03,2019-01-06,5,0.501890,positive,I love it and my dog loves it!!!!
P1000-02,2019-11-06,5,0.956639,positive,Very Good Coffee
P1000-03,2019-12-13,5,0.626837,positive,Provides Hours of Durable Fun for our Puppies!
P1000-03,2019-02-22,5,0.480027,positive,Great for a busy beagle!
P1000-02,2019-02-06,1,-0.322963,negative,WAKE UP PEOPLE  You are being scammed !
P1000-03,2019-03-26,5,0.813737,positive,Amazing feeding tool!
P1000-03,2019-02-23,4,0.801676,positive,Great for smart busy dogs!
P1000-04,2019-06-01,5,0.848263,positive,Coconut popcorn
P1000-04,2019-04-26,5,0.415044,positive,Great find!
P1000-03,2019-09-16,5,-0.698253,negative,She works for her kibble
P1000-02,2019-10-22,5,0.878109,positive,"Great just be aware, it is instant not fresh brewed."
P1000-04,2019-09-17,5,0.372727,positive,My favorite thing ever
P1000-03,2019-03-10,5,0.411551,positive,Favorite and hardest of the 4 Busy Buddy toys we own
P1000-02,2019-03-17,5,0.929192,positive,Great Taste
P1000-04,2019-05-10,5,0.895879,positive,Healthy Organic Coconut Oil
P1000-04,2019-05-16,5,0.607753,positive,Gives a Good Hint of Coconut to Food
P1000-02,2019-11-22,5,0.680234,positive,Really Good Coffee Drink
P1000-03,2019-09-20,5,0.516517,positive,This made ALL the difference
P1000-03,2019-07-21,5,0.530457,positive,"very durable ""toy"" to keep dog entertained"
P1000-04,2019-01-05,5,0.550978,positive,the best
P1000-02,2019-08-08,1,-0.974966,negative,Unhappy
P1000-02,2019-03-10,2,0.574793,positive,Excellent products
P1000-03,2019-01-09,5,-0.345707,negative,Great toy but frustrates my dog
P1000-02,2019-02-02,4,0.474092,positive,Yummy and simple
P1000-03,2019-01-01,5,0.813643,positive,"Dogs love it, easy to fill, durable."
P1000-02,2019-09-11,1,-0.608148,negative,Way too sweet
P1000-03,2019-09-10,2,0.512496,positive,Buried Treasure Forever!
P1000-03,2019-02-06,1,-0.678421,negative,"Lasted 5 minutes, item not as pictured"
P1000-02,2019-08-06,5,0.579809,positive,k-cups
P1000-02,2019-12-18,5,0.997674,positive,great cappuccino
P1000-02,2019-08-06,5,0.722149,positive,Wonderful flavor fast shipping
P1000-04,2019-04-11,5,0.809006,positive,Great Stuff
P1000-03,2019-04-16,5,0.674458,positive,Best Dog Toy
P1000-02,2019-02-14,1,-0.544677,negative,Wish I had read the reviews
P1000-04,2019-07-26,5,0.847256,positive,I love this product
P1000-03,2019-03-12,1,-0.933849,negative,Treat smell is stronger at wrong end!
P1000-02,2019-01-28,1,0.706494,positive,Wow.... lots of saturated fat
P1000-03,2019-08-17,5,-0.325343,negative,My Pugs love this!
P1000-02,2019-02-17,1,-0.514806,negative,Yuck
P1000-04,2019-03-10,5,0.737340,positive,Best tasting coconut oil we've tried.
P1000-02,2019-05-22,1,-0.814007,negative,Used to love it.
P1000-03,2019-03-08,3,-0.747832,negative,My dogs arent quite smart enough........
P1000-04,2019-02-03,5,0.785055,positive,"One for Massage, One for Cooking"
P1000-02,2019-12-18,1,-0.255848,negative,Hope you like milk and sugar and no coffee
P1000-03,2019-01-26,3,-0.483766,negative,a nice concept but a bit awkward
P1000-04,2019-06-07,5,0.676502,positive,Smells Great! Works Great!
P1000-04,2019-02-05,5,0.822226,positive,Awesome and Wonderful Nutiva Coconut Oil
P1000-01,2019-07-25,4,-0.484869,negative,My friend's 2 dogs and 5 shelter dogs ate this dog food eagerly
P1000-01,2019-07-02,3,-0.297002,negative,Beneful
P1000-05,2019-05-01,5,0.758948,positive,Hair SOOO Soft Skin so Soft
P1000-01,2019-08-11,5,0.389314,positive,***GREAT DRY OPTION!!!*****
P1000-05,2019-06-07,5,0.461794,positive,Love this stuff!
P1000-02,2019-08-20,5,0.000000,neutral,Don't waste time & money in the drive thru.
P1000-01,2019-07-18,1,-0.741144,negative,Trash
P1000-01,2019-08-05,5,0.774261,positive,A satisfying solution
P1000-05,2019-02-28,4,0.754166,positive,Wonderful product
P1000-05,2019-11-21,5,0.666134,positive,Love it!
P1000-01,2019-06-15,3,0.362750,positive,"Some Good, Some Bad"
P1000-01,2019-09-20,4,0.449335,positive,"Dogs like it just fine, but not terribly excited about it..."
P1000-02,2019-06-05,1,-0.480964,negative,"Not good, couldn't finish my cup"
P1000-01,2019-07-24,3,0.287139,positive,Not Very Healthy but Tasty Nonetheless
P1000-01,2019-08-15,5,0.372719,positive,good mix in
P1000-05,2019-10-16,5,0.494093,positive,Heals Eczema & Restore Skin Smoothness!!!
P1000-05,2019-06-29,5,0.597272,positive,This is the Best cooking oil!
P1000-01,2019-08-12,4,0.424879,positive,My two mutts approve...
P1000-04,2019-02-21,5,0.588553,positive,Best so far!
P1000-05,2019-08-15,5,0.933437,positive,great coconut oil!!!!!
P1000-05,2019-08-01,5,0.719623,positive,Cure for Cancer???
P1000-05,2019-07-26,5,0.911255,positive,Feet Action
P1000-01,2019-07-25,4,0.385893,positive,"Good Quality Dog Food, Excellent Resealble Package!"
P1000-01,2019-08-13,3,0.443442,positive,pretty ok dog food
P1000-01,2019-07-26,2,-0.481550,negative,A great fly attractant
P1000-01,2019-07-23,4,-0.343973,negative,Dogs like it... Guess it's good..
P1000-05,2019-09-12,5,0.543396,positive,best beauty product Iv'e ever used
P1000-01,2019-06-06,3,-0.346324,negative,It's OK
P1000-05,2019-02-02,5,0.772166,positive,Wow!! Amazing stuff
P1000-01,2019-08-01,4,-0.754731,negative,My Dogs Like This Too Much
P1000-01,2019-08-05,4,0.765977,positive,Dog Loves It
P1000-01,2019-08-15,4,0.642444,positive,Great!
P1000-05,2019-07-10,5,0.968488,positive,great product
P1000-05,2019-04-01,5,0.669298,positive,One of the Best Coconut oils on the Market
P1000-05,2019-09-11,5,0.387346,positive,It Works
P1000-01,2019-07-31,4,0.401169,positive,The dog likes it
P1000-01,2019-07-02,3,-0.614021,negative,My picky eater picked at it
P1000-05,2019-06-05,5,0.642176,positive,Best Oil Ever
P1000-01,2019-07-24,3,-0.462132,negative,"My dog chows down on it, but it isn't exactly healthy for her."
P1000-05,2019-02-07,5,0.918510,positive,Amazingly Good!  Gorgeous Coconut Flavor.
P1000-05,2019-03-06,5,0.773030,positive,This stuff is the truth
P1000-05,2019-01-12,5,0.728979,positive,Outstanding and Delicious
P1000-01,2019-07-25,4,0.813801,positive,Our dogs love it!
P1000-01,2019-07-23,1,-0.634553,negative,The Lowest Quality Food For Your Dog
P1000-05,2019-08-11,5,0.994435,positive,very good coconut oil
P1000-02,2019-02-26,3,0.363689,positive,Ariel
P1000-02,2019-12-02,1,-0.545616,negative,BLECK!!!
P1000-05,2019-02-22,5,0.958396,positive,Love It
P1000-01,2019-07-25,3,-0.585666,negative,"Dogs liked it ok, but not the best for nutrition."
P1000-05,2019-03-05,5,0.908914,positive,Crazy for Coconut oil
P1000-05,2019-09-22,5,-0.277160,negative,EXCELLENT Hair Conditioner - Blonde Hair
P1000-01,2019-09-28,5,0.381907,positive,Our picky dogs like it
P1000-05,2019-09-29,5,0.000000,neutral,Good hair mask
P1000-04,2019-08-13,4,0.728066,positive,Great hair moisturizer!
P1000-04,2019-10-11,5,0.774062,positive,"Great stuff, and smells nice too!"
P1000-04,2019-12-27,5,0.968933,positive,Nutiva Coconut Oil
P1000-01,2019-08-15,3,0.503959,positive,"It may not be the healthiest but for those on a budget, the Beneful Adult Dry Dog Food will provide the vitamins your do"
P1000-05,2019-08-20,5,0.847812,positive,Good Stuff
P1000-05,2019-08-26,5,-0.290339,negative,Tons of Uses!!
P1000-04,2019-07-23,5,0.706384,positive,Tastes and smells great
P1000-05,2019-01-25,5,0.979768,positive,Love it!
P1000-01,2019-08-09,4,0.767848,positive,Nice and easy to use bag
P1000-05,2019-07-04,5,0.743662,positive,Great all around!
P1000-05,2019-10-14,5,0.697466,positive,Love it!
P1000-01,2019-05-28,5,0.962796,positive,Purina Beneful Original Dry Dog Food
P1000-01,2019-08-28,4,0.374383,positive,"Dogs say ""5 stars"",I say ""4""!"
P1000-01,2019-05-29,2,-0.382284,negative,It's nothing to rave about
P1000-02,2019-08-17,4,-0.634033,negative,Cappacino
P1000-01,2019-06-09,5,0.455279,positive,Dog Prefers This - Actually Loves It
P1000-01,2019-08-11,4,0.511306,positive,Makes dogs happy
P1000-01,2019-08-18,3,0.308100,positive,"Food dogs seem to love, maybe not the healthiest, but keeps them happy!"
P1000-01,2019-07-24,3,0.665412,positive,Not Best Quality Food but Dogs Like it
P1000-05,2019-01-17,5,0.584346,positive,I just got mine and I am so excited!
P1000-01,2019-08-15,4,-0.342709,negative,Not bad...
P1000-05,2019-02-02,4,0.644283,positive,Just what my doctor ordered
P1000-01,2019-08-22,5,0.358535,positive,My Two Dogs Love It
P1000-05,2019-04-08,5,0.591102,positive,"Coconut Oil ""Miracle of Nature"""
P1000-05,2019-08-17,4,0.513395,positive,Pleased
P1000-05,2019-06-22,4,0.717441,positive,"Great Item, but did not ship well."
P1000-01,2019-08-14,5,0.444087,positive,15.5 pounds of dog food
P1000-04,2019-12-13,5,0.959089,positive,love this product
P1000-01,2019-08-22,5,0.842769,positive,Adult Pups seem to really like this one
P1000-05,2019-09-05,5,0.885575,positive,Re: superior coconut oil!
P1000-05,2019-02-27,5,0.921346,positive,Good product
P1000-01,2019-08-15,5,0.789467,positive,Goobled it up
P1000-01,2019-08-24,5,0.408715,positive,My dog loves this food
P1000-05,2019-01-22,5,0.891324,positive,Exellent!
P1000-05,2019-02-28,5,0.815405,positive,"Taste good, great with honey!"
P1000-04,2019-12-02,5,0.938368,positive,Great Product
P1000-01,2019-08-15,4,0.666899,positive,Just Alright
P1000-01,2019-09-20,5,0.894507,positive,Dog food is trickier than human food
P1000-01,2019-05-13,5,-0.312300,negative,Read before you buy
P1000-01,2019-09-16,5,0.410856,positive,Lily's New Favorite
P1000-04,2019-07-30,5,0.969934,positive,Excellent product
P1000-05,2019-04-11,5,0.710850,positive,Healthy and Yum!
P1000-05,2019-09-28,3,-0.495212,negative,Made my skin dry but hair is softer
P1000-01,2019-08-15,4,-0.755912,negative,Good Filler Food
P1000-01,2019-07-24,4,0.362434,positive,Dogs Loved This Food! People Like the Convenience but still concerned over quality
P1000-05,2019-06-25,4,0.694104,positive,Many uses
P1000-01,2019-08-06,4,0.561355,positive,Dogs loved it!
P1000-04,2019-05-13,5,0.474095,positive,great deal
P1000-01,2019-07-23,4,0.399470,positive,Less stomach upset than the Healthy Weight version
P1000-01,2019-05-22,4,0.265920,positive,Not cat food but my dog likes it anyway
P1000-05,2019-09-21,5,0.507855,positive,Delicious coconut oil!
P1000-05,2019-09-15,5,0.833259,positive,Great Product
P1000-01,2019-06-20,2,-0.670542,negative,It made my dog sick!
P1000-01,2019-07-18,5,-0.334317,negative,This product is chihuahua approved
P1000-05,2019-07-31,5,0.901362,positive,Love this product!
P1000-05,2019-08-08,5,0.884983,positive,im in love again
P1000-04,2019-05-25,5,0.838170,positive,excellent stuff
P1000-05,2019-10-26,5,0.614220,positive,Amazing Stuff!
P1000-01,2019-07-23,3,0.345394,positive,doggy like it a lot
P1000-05,2019-09-25,5,0.930515,positive,Wonderful!
P1000-02,2019-12-07,5,0.989190,positive,Delicious!
P1000-05,2019-08-08,4,0.811521,positive,New to Me.
P1000-05,2019-07-15,5,0.864247,positive,Coconut Oil
P1000-01,2019-07-25,2,0.402412,positive,My dogs wouldn't touch it!
P1000-05,2019-09-05,5,-0.397548,negative,Really moisturizes my skin
P1000-05,2019-01-17,5,0.313730,positive,The best on the market!!!
P1000-01,2019-07-14,3,0.513079,positive,I Am Now Wondering!
P1000-05,2019-12-12,5,0.741325,positive,Coconut Oil
P1000-05,2019-10-16,5,0.769846,positive,Delicious and nutritious
P1000-01,2019-08-09,5,-0.283573,negative,purina beneful dog food
P1000-01,2019-08-10,5,0.684121,positive,What Dog could Resist this?
P1000-05,2019-10-15,4,0.970614,positive,As expected
P1000-01,2019-08-11,4,0.405653,positive,My dog loves it
P1000-01,2019-10-13,4,0.604235,positive,Definitely enjoyed
P1000-05,2019-11-27,5,0.621995,positive,Just Like the Oil my Mama Made
P1000-01,2019-08-06,4,0.718754,positive,Good General Balanced Nutrition
P1000-05,2019-01-05,5,0.720334,positive,Great Multi-Use Product
P1000-04,2019-07-04,4,0.553178,positive,great quality oil
P1000-05,2019-09-09,5,0.877062,positive,Good for you in every way
P1000-05,2019-02-16,5,0.588070,positive,Great product for great price thanks All star health
P1000-04,2019-01-09,5,0.938645,positive,multi purpose coconut
P1000-01,2019-07-24,4,0.527016,positive,"Huskies eat it, don't ask for it by name"
P1000-01,2019-09-18,3,-0.496711,negative,Not Something I would Get Again
P1000-01,2019-08-14,3,0.822455,positive,Dog enjoys it!
P1000-05,2019-05-03,5,0.461607,positive,The benefits are amazing
P1000-01,2019-08-08,5,-0.776991,negative,Go To for My Sensitive Stomach Mutt
P1000-01,2019-08-13,5,0.408216,positive,My Dog Loves This Stuff
P1000-01,2019-07-25,3,-0.380659,negative,My dog doesn't love it
P1000-05,2019-05-09,5,0.723997,positive,You can get addicted to this stuff..
P1000-01,2019-07-20,3,0.679527,positive,Dog ate it right up
P1000-01,2019-08-21,3,0.384555,positive,One of my pickier dogs won't eat it
P1000-05,2019-01-31,5,0.420153,positive,Interesting Oil
P1000-05,2019-02-23,5,0.707756,positive,First Timer
P1000-05,2019-07-07,5,0.449895,positive,A Hair Miracle!
P1000-05,2019-01-20,5,0.494272,positive,Excellent
P1000-05,2019-08-02,5,0.771058,positive,great for the skin
P1000-01,2019-08-14,3,0.670677,positive,"Average, affordable dog food"
P1000-05,2019-02-08,5,0.806129,positive,Delightful taste!
P1000-05,2019-09-20,4,-0.386702,negative,I like the product
P1000-05,2019-02-28,5,0.711660,positive,A natural way to stay healthy
P1000-05,2019-07-24,5,0.928861,positive,Delicious and nutritious!
P1000-05,2019-09-14,5,0.825720,positive,Great for natural hair care & great add for smoothies!
P1000-01,2019-09-23,3,-0.277661,negative,"Not bad, but one dog doesn't like it."
P1000-01,2019-05-31,1,-0.493608,negative,"Not ""Natural"""
P1000-05,2019-06-10,5,0.778939,positive,Best on the market
P1000-01,2019-08-16,3,-0.453501,negative,Beneful but not Healthy-ful
P1000-05,2019-06-12,4,0.752753,positive,Excellent coconut oil
P1000-02,2019-08-18,5,0.722084,positive,A++ Service
P1000-05,2019-08-04,5,0.962727,positive,Coconut Oil
P1000-05,2019-07-28,5,0.848940,positive,Great Product
P1000-04,2019-09-12,5,0.709142,positive,Coconut Oil for Hair & Skin
P1000-01,2019-08-01,2,-0.769617,negative,Not the best
P1000-01,2019-08-09,4,0.419685,positive,My dogs like it. I haven't tried it.
P1000-01,2019-08-14,4,0.596731,positive,The doggies seem to dig it!
P1000-01,2019-07-27,3,0.601890,positive,"I like the bag, dogs like the taste, nobody likes the ""nutrition"""
P1000-01,2019-06-16,5,-0.353845,negative,My dog likes it!
P1000-01,2019-06-11,5,0.764822,positive,Beneful Dog Food -- Our Yorkies LOVE it!!!
P1000-01,2019-07-24,4,0.756379,positive,"Pricey but really, really good."
P1000-01,2019-07-20,3,0.389221,positive,Garlic oil? I thought Garlic was bad for dogs - rut roh!
P1000-05,2019-12-15,5,0.700184,positive,"Great product, very mild scent"
P1000-05,2019-10-11,5,0.510227,positive,Cleared up my skin!!
P1000-05,2019-03-12,5,0.532402,positive,In Love!
P1000-05,2019-09-22,5,0.320016,positive,SOOOOO DAMN TASTY
P1000-05,2019-01-06,5,0.391957,positive,Good for oil pulling and consumption
P1000-01,2019-08-14,4,0.784701,positive,My dog likes it!!
P1000-02,2019-09-19,5,0.984342,positive,great drink
P1000-05,2019-11-19,5,0.843325,positive,Smells sooo good!
P1000-01,2019-07-24,4,-0.367604,negative,"Dogs love it, picture on bag is very misleading."
P1000-01,2019-07-25,3,0.313196,positive,"Dog loves it, but nutritionally it's basically candy"
P1000-01,2019-06-11,2,-0.484393,negative,"Dog enjoyed it, but poor grade food overall"
P1000-04,2019-07-10,5,0.897889,positive,Good stuff!
P1000-04,2019-12-11,5,0.492868,positive,Awesome stuff!
P1000-05,2019-10-18,5,0.698279,positive,DELICIOUS
P1000-05,2019-02-12,5,0.999516,positive,"Awesome taste, nutrition."
P1000-05,2019-11-20,5,0.556091,positive,Excellent
P1000-01,2019-07-19,4,0.321961,positive,My dogs like it!
P1000-05,2019-07-31,5,0.829094,positive,Delicious Coconut Oil
P1000-01,2019-08-19,4,0.428358,positive,The DOG likes it
P1000-05,2019-06-24,5,-0.626043,negative,Read this if you have keratosis piliarisis!!!
P1000-01,2019-07-04,1,-0.332703,negative,Same stuff different packaging.
P1000-05,2019-07-09,5,0.672869,positive,Delicious and healthy - Organic EV Coconut Oil
P1000-05,2019-08-17,5,0.775196,positive,Good for dry skin
P1000-01,2019-07-24,4,-0.677337,negative,Chihuahua Enjoys
P1000-01,2019-08-11,2,-0.410604,negative,"Not crazy about the corn, but they sure like it!"
P1000-01,2019-07-22,5,0.476246,positive,my dog loves this food
P1000-05,2019-07-01,5,0.671801,positive,Lovely as a skin moisturizer!
P1000-05,2019-06-01,5,0.687742,positive,So yummy!
P1000-01,2019-08-15,5,0.327454,positive,Dogs Loved It!
P1000-05,2019-08-12,5,0.981937,positive,yummy!
P1000-04,2019-10-11,5,0.941335,positive,Great coconut oil!
P1000-05,2019-06-19,5,0.751917,positive,Nature's Way EfaGold Organic Extra Virgin Coconut Oil
P1000-05,2019-06-03,5,0.469762,positive,"Once you start, you won't go back"
P1000-01,2019-07-20,5,0.734500,positive,A Dog's Treat
P1000-04,2019-05-06,5,0.890716,positive,good
P1000-05,2019-07-31,5,0.770663,positive,Very pleasant aroma......Not heady
P1000-05,2019-02-21,5,0.659270,positive,Awesome Stuff !!
P1000-05,2019-03-27,5,0.576953,positive,Great for cooking
P1000-05,2019-08-19,5,0.831520,positive,great for everything.
P1000-05,2019-04-14,5,0.860547,positive,Great Stuff!
P1000-05,2019-12-06,5,0.520817,positive,"Love, love, love it"
P1000-01,2019-09-18,4,0.543098,positive,"The dog loved it, but..."
P1000-02,2019-09-25,5,0.749543,positive,YUMMY!
P1000-05,2019-06-08,5,0.809177,positive,strongly recommend
P1000-05,2019-08-27,5,0.484448,positive,The Best stuff YET!
P1000-05,2019-07-30,5,0.959097,positive,Organic coconut oil
P1000-02,2019-02-12,1,0.829993,positive,Instant Coffee
P1000-01,2019-08-07,5,0.752808,positive,Welcome to PleasureVille
P1000-05,2019-09-05,5,0.873227,positive,"great quality, great price"
P1000-01,2019-08-17,1,0.455433,positive,Can I give this no stars?
P1000-05,2019-02-05,5,0.901954,positive,Great stuff!
P1000-01,2019-07-27,4,-0.308142,negative,"Evidently tasty dog food, but high in carbs, fillers"
P1000-01,2019-07-24,5,0.357370,positive,This was a big hit!
P1000-05,2019-04-02,5,0.924979,positive,Multipurpose Item
P1000-01,2019-09-29,4,-0.270390,negative,my dog liked it
P1000-05,2019-07-14,5,0.540421,positive,awesome product!
P1000-05,2019-08-22,5,0.785383,positive,Great Product!!!
P1000-01,2019-08-15,5,0.286897,positive,Decent Budget Option for Dog Food
P1000-01,2019-10-11,4,0.487376,positive,Picky dog likes it; picky dog's people not impressed with ingredient list
P1000-01,2019-07-20,4,0.295806,positive,My Chihuahua Loves It; Resealable Bag
P1000-05,2019-08-22,5,0.831650,positive,Coconut Oil is Good for You
P1000-04,2019-03-13,5,0.761119,positive,Really is Natural
P1000-05,2019-08-19,5,-0.427931,negative,Love this!
P1000-05,2019-05-19,5,0.601361,positive,Amazing stuff
P1000-01,2019-06-25,4,-0.496573,negative,"I can't rate taste, but my dogs love it."
P1000-01,2019-03-23,2,-0.439023,negative,Mixed feelings on this.
P1000-05,2019-09-05,5,0.885894,positive,Must Have!
P1000-04,2019-05-11,5,0.977381,positive,The absolute best coconut oil I have tried!
P1000-01,2019-06-26,3,0.318819,positive,My dog LOVES it BUT...
P1000-01,2019-08-06,4,-0.343356,negative,Dogs Like It
P1000-05,2019-02-21,5,0.524737,positive,Gotta Love Amazon
P1000-05,2019-08-04,5,0.731340,positive,Coconut oil for a variety of uses!
P1000-01,2019-06-11,2,-0.365849,negative,Purina not molto Bene
P1000-05,2019-12-19,5,0.573949,positive,Very good
P1000-04,2019-02-12,4,0.355294,positive,I like it
P1000-01,2019-09-26,3,-0.311816,negative,Props for improvements but still a lower quality food source for Dogs
P1000-01,2019-06-11,3,0.556733,positive,Delicious junk food
P1000-01,2019-07-18,4,-0.579103,negative,It's dog food.
P1000-01,2019-06-02,1,-0.932890,negative,Poor quality
P1000-05,2019-08-02,5,0.966609,positive,coconut oil
P1000-05,2019-04-10,5,0.424810,positive,Coconut Oil in PLASTIC!
P1000-01,2019-05-21,5,0.719988,positive,This is my dog's favorite food!
P1000-01,2019-07-25,2,-0.420905,negative,Beneficial dog food? Not really...
P1000-01,2019-07-18,4,0.641240,positive,At Least One Chocolate Lab Loves It
P1000-01,2019-07-23,4,0.939602,positive,If You Want Something Your Dog Will Eat
P1000-05,2019-05-28,4,0.566157,positive,Great for cooking and spread.
P1000-01,2019-06-02,5,0.410666,positive,Beneful helps keeps our dog healthy
P1000-05,2019-03-30,5,0.812653,positive,hoping for great results
P1000-04,2019-05-28,4,-0.618914,negative,Leaked
P1000-05,2019-02-16,5,0.875879,positive,Tastes great and good for you
P1000-04,2019-08-27,5,0.643157,positive,Heavenly taste!
P1000-01,2019-08-17,3,-0.319223,negative,Good Treat Alternative
P1000-05,2019-07-31,4,-0.383364,negative,love this stuff!!
P1000-05,2019-07-29,5,0.976039,positive,Amazing!!
P1000-04,2019-02-16,5,0.940808,positive,great product for dairy sensitive eaters
P1000-01,2019-07-18,5,0.529899,positive,Dog Eats Dog...Food
P1000-05,2019-05-23,5,0.878769,positive,very very very good product
P1000-02,2019-02-03,1,0.585154,positive,Artificial sweetener???
P1000-02,2019-02-14,1,0.491519,positive,More like dessert than coffee
P1000-02,2019-01-12,1,-0.284065,negative,First ingredient is trans fat ( partially hydrogenated oil )
P1000-04,2019-11-07,5,0.935616,positive,Yummy coconut!
P1000-03,2019-10-23,5,0.518243,positive,Occupies my dog for hours!
P1000-02,2019-09-27,2,-0.382834,negative,If you like coffee.. buy something else
P1000-04,2019-03-11,5,0.756739,positive,excellent product - great for baking
P1000-04,2019-10-26,5,0.744939,positive,The only one for me
P1000-03,2019-12-16,1,-0.802486,negative,Don't Waste your Money
P1000-02,2019-01-31,1,0.728954,positive,Real coffee???
P1000-02,2019-08-13,5,0.885003,positive,amazing on ice
P1000-02,2019-05-10,1,0.693836,positive,Very cheap and flat taste...
P1000-04,2019-10-03,5,0.749830,positive,Great product
P1000-04,2019-04-11,4,0.898743,positive,Delicious smelling body lotion and hair treatment
P1000-03,2019-08-23,5,0.706001,positive,Works PERFECT for our terrier
P1000-03,2019-07-20,5,0.321596,positive,My dog's favorite way to eat!
P1000-04,2019-08-15,5,0.000000,neutral,OMG THIS STUFF IS GREAT!
P1000-03,2019-08-04,5,0.803949,positive,Tug-a-jug is a hit!
P1000-03,2019-04-26,5,0.835091,positive,Entertaining
P1000-03,2019-09-13,5,-0.521389,negative,Best meal time slower-downer and doggy activity out there
P1000-03,2019-01-05,5,0.811113,positive,best toy investment yet
P1000-04,2019-05-06,5,0.530105,positive,multifunctional wonderstuff!
P1000-03,2019-08-19,5,-0.710056,negative,"Took a while to figure out, but great toy!"
P1000-04,2019-06-04,5,-0.463858,negative,Best tasting coconut oil
P1000-02,2019-10-17,5,-0.893189,negative,I kinda like it
P1000-04,2019-06-05,4,0.370933,positive,"Product good, packaging needs to be improved!"
P1000-03,2019-03-24,5,0.319869,positive,Entertaining!
P1000-02,2019-10-19,5,0.893744,positive,"I love it, stock up for the winter!!"
P1000-02,2019-12-05,1,0.613173,positive,Don't buy it!
P1000-01,2019-07-24,5,0.798841,positive,my dog loves it
P1000-02,2019-08-23,1,-0.853231,negative,Plastic taste
P1000-04,2019-04-13,5,0.664987,positive,Delicious flavor
P1000-03,2019-09-22,1,0.477558,positive,Hardly indestructible...
P1000-02,2019-01-18,5,0.788731,positive,Great Taste
P1000-02,2019-09-07,5,0.768276,positive,Really deserves each star!
P1000-03,2019-02-02,4,-0.288250,negative,Great!
P1000-03,2019-07-08,5,0.399907,positive,My aussie LOVES it!!
P1000-02,2019-12-08,5,0.736486,positive,LOVE this Kcup coffee
P1000-03,2019-01-07,5,0.904950,positive,A great pacifier for medium/large dogs!
P1000-02,2019-09-09,4,0.418347,positive,"BETTER THAN ""5 HOUR ENERGY"" AND GREAT FOR A HANGOVER"
P1000-03,2019-02-18,4,0.000000,neutral,DOG TOY
P1000-04,2019-02-12,5,0.765313,positive,Coconut oil for everything!
P1000-04,2019-07-21,5,0.575222,positive,Nutiva vs. Barlean's
P1000-03,2019-01-30,1,-0.838255,negative,Not Very Durable
P1000-02,2019-08-05,1,-0.481305,negative,Too Sweet
P1000-02,2019-01-03,5,0.715938,positive,The Perfect Treat!
P1000-03,2019-01-01,5,-0.548498,negative,Great for Smart Dogs
P1000-04,2019-03-21,5,0.511302,positive,Great natural moisturizer - even revived an old leather chair!
P1000-02,2019-09-27,5,0.916353,positive,Piece of heaven
P1000-03,2019-01-05,5,0.500212,positive,Fritzi Luv's It!
P1000-01,2019-07-30,4,0.551377,positive,Dog eats it!
P1000-03,2019-05-15,3,0.324622,positive,Great Toy but Not as Durable
P1000-03,2019-01-17,3,0.420052,positive,Good Toy--A few Drawbacks
P1000-02,2019-11-10,1,0.300096,positive,GAS STATION COFFEE!
P1000-03,2019-01-11,5,0.554676,positive,Dog Toy
P1000-02,2019-01-06,1,-0.614543,negative,"If you are health conscious, skip this product"
P1000-04,2019-03-23,5,0.596838,positive,Best Tasting Coconut Oil
P1000-02,2019-12-02,1,-0.758645,negative,Disgusting!
P1000-04,2019-02-13,5,0.691873,positive,Great tasting in oatmeal!
P1000-04,2019-02-07,5,0.974358,positive,Nutiva Coconut Oil
P1000-02,2019-04-28,1,0.620242,positive,Not Coffee of Cappuccino
P1000-04,2019-02-20,5,0.710120,positive,tastes great and great for higher heat cooking
P1000-04,2019-12-04,5,0.968022,positive,Fast delivery and in perfect condition!
P1000-03,2019-11-25,5,0.492027,positive,Golden Retriever Loves it
P1000-04,2019-10-11,5,0.871636,positive,Great product
P1000-02,2019-10-18,5,0.395276,positive,Coffee taste
P1000-03,2019-03-27,3,0.683843,positive,Smart Siberian Husky
P1000-02,2019-01-07,1,-0.874614,negative,Bad Stuff
P1000-03,2019-04-23,5,0.517576,positive,Favorite toy
P1000-02,2019-09-11,5,0.949334,positive,Caramel Cappuccino K-Cups
P1000-04,2019-12-19,5,0.920018,positive,Great Coconut Oil
P1000-02,2019-07-19,5,0.926412,positive,Awesome Flavor!
P1000-02,2019-10-20,5,0.983743,positive,Great Coffee and Great Price
P1000-03,2019-01-24,5,0.760753,positive,Awesome Toy!
P1000-02,2019-12-24,5,0.993308,positive,k cups
P1000-03,2019-05-18,5,0.446286,positive,Perfect for Power-Chewers!
P1000-03,2019-07-24,5,0.435686,positive,great toy even after 3 years
P1000-04,2019-08-23,5,0.549374,positive,"Love Nutiva coconut oil, but not digging the price hike."
P1000-04,2019-06-30,3,-0.875712,negative,Good very pricey
P1000-02,2019-07-17,2,-0.855128,negative,Just instant coffee
P1000-04,2019-02-07,5,0.453466,positive,Great Stuff - No odor
P1000-04,2019-06-15,5,0.000000,neutral,*ALL-PURPOSE COCONUT OIL!!!
P1000-02,2019-01-30,5,0.762768,positive,Delicious!
P1000-04,2019-08-10,5,0.767503,positive,Excellent coconut oil
P1000-03,2019-02-03,5,0.886907,positive,This is a wonderful dog toy!
P1000-03,2019-08-27,5,0.534189,positive,Best interactive toy we've had!
P1000-02,2019-12-16,5,0.816028,positive,Very Happy With This Item!
P1000-02,2019-09-11,2,-0.674069,negative,Disappointed
P1000-02,2019-02-23,1,-0.710600,negative,Horrible
P1000-03,2019-01-22,5,-0.572392,negative,Great Lab Toy!
P1000-04,2019-05-30,5,0.589158,positive,BIG fan!
P1000-02,2019-10-02,5,0.565351,positive,Excellent.
P1000-03,2019-04-08,5,0.392937,positive,TOUGH ENOUGH FOR MY DOGS
P1000-03,2019-04-19,1,-0.480695,negative,Great while it lasted
P1000-02,2019-12-05,5,0.956864,positive,Pretty Good
P1000-03,2019-03-15,5,0.505588,positive,Puppy Loves It!
P1000-03,2019-07-05,5,0.801560,positive,Great Entertainment
P1000-04,2019-08-01,5,0.819872,positive,Great oil...especially for popcorn!
P1000-02,2019-01-05,1,-0.717242,negative,Grove Square Cappuchino
P1000-04,2019-02-03,5,0.637462,positive,Great for popcorn!
P1000-04,2019-01-09,5,0.966311,positive,Excellent product
P1000-03,2019-05-18,4,0.700483,positive,Tough Jug!
P1000-03,2019-06-12,5,-0.287662,negative,Amazing toy for dogs who devour their food quickly
P1000-02,2019-10-18,5,0.799861,positive,"For 10 dollars, yes. otherwise, no"
P1000-02,2019-12-09,1,-0.874742,negative,Beware of artificial sweetener!
P1000-04,2019-08-18,5,0.773135,positive,I'm a faithful Nutiva fan: quality and value.
P1000-04,2019-09-04,5,0.961518,positive,GREAT
P1000-04,2019-02-06,5,0.837936,positive,"Healthy yes, but also DELICIOUS!"
P1000-03,2019-09-21,4,-0.521709,negative,Great Product.
P1000-03,2019-11-13,1,-0.636712,negative,Awful!  Didn't make it through a day!
P1000-04,2019-03-03,5,0.902014,positive,Pleasantly Surprised
P1000-04,2019-12-24,5,0.614968,positive,Amazing
P1000-03,2019-08-11,1,-0.769623,negative,Broke
P1000-04,2019-05-21,5,0.591130,positive,Awesome Product
P1000-02,2019-11-03,5,0.819886,positive,YUMMY is an understatement
P1000-02,2019-08-26,5,0.809578,positive,"Great taste, a smooth and sweet coffee"
P1000-03,2019-07-10,1,-0.699380,negative,Weak
P1000-02,2019-01-10,1,-0.634469,negative,Hydrogenated vegetable oils?  No thanks!
P1000-03,2019-09-12,5,-0.446718,negative,Lasted 7 months with 55 lb. 3 year-old LabraDingo!
P1000-04,2019-08-20,5,0.987865,positive,Coconut oil
P1000-02,2019-10-19,2,0.659228,positive,Not pleased with these K-cups
P1000-02,2019-09-19,5,0.855365,positive,AWESOME Cappuccino!
P1000-03,2019-06-15,5,0.753781,positive,Great Product
P1000-03,2019-02-07,4,-0.624184,negative,Tug-A-Jug Treat Toy
P1000-02,2019-11-22,1,-0.821990,negative,Extremely Poor Quality - SUX
P1000-04,2019-03-07,5,-0.467142,negative,Great Multi-Uses
P1000-04,2019-04-15,5,-0.912882,negative,Great product with terrible shipping and awful customer service
P1000-02,2019-12-26,1,-0.613077,negative,Horrible!!!  Just Horrible!!!
P1000-04,2019-07-26,5,0.654412,positive,Many different uses!
P1000-03,2019-02-03,5,-0.396783,negative,My dog loves this
P1000-02,2019-08-08,5,0.337321,positive,Comfort food
P1000-04,2019-12-06,5,0.928642,positive,"So tasty, so good for you!"
P1000-02,2019-02-08,1,-0.516914,negative,Just Gross
P1000-04,2019-10-05,5,0.732505,positive,Nutiva Is The Best Brand!
P1000-03,2019-04-12,5,0.774078,positive,Great fun for my dogs!
P1000-03,2019-03-06,5,0.655145,positive,"Durable, still fun when ""solved"""
P1000-03,2019-05-13,5,0.555382,positive,So much better than a bowl!
P1000-03,2019-01-21,5,0.306374,positive,My dogs love this toy!
P1000-04,2019-06-25,5,0.808649,positive,best oil for cooking
P1000-04,2019-02-05,5,0.825536,positive,Fabulous Coconut Oil
P1000-03,2019-04-24,5,0.768319,positive,So much fun!
P1000-03,2019-11-11,5,0.739738,positive,Keeps My Furbaby's Interest
P1000-02,2019-11-27,5,-0.325495,negative,Mini Mart Cappuccino
P1000-04,2019-08-02,4,0.670589,positive,Nutiva Organic Extra Virgin Coconut Oil - ALL PURPOSE SKINCARE
P1000-03,2019-10-22,3,0.686849,positive,Well Made - But My Dogs Had Zero Interest
P1000-03,2019-07-29,3,0.605994,positive,If your dog chews out the rope...
P1000-04,2019-10-27,4,0.521563,positive,"Near Perfect for popcorn, experimental for other things"
P1000-02,2019-01-23,4,0.771714,positive,Pretty damn good....but I LIKE the Wawa/Convenience store stuff!
P1000-02,2019-11-10,5,0.356195,positive,Good for what it is
P1000-02,2019-01-05,5,-0.507751,negative,Luv this coffee!!
P1000-03,2019-01-22,5,0.789681,positive,Hours of fun!
P1000-04,2019-03-06,5,0.480802,positive,My Manna
P1000-03,2019-03-04,5,-0.288460,negative,Challenging and Durable
P1000-04,2019-06-28,5,0.641001,positive,Love Love Love this stuff!
P1000-03,2019-10-30,4,0.726549,positive,Good entertainment
P1000-04,2019-09-18,5,0.405672,positive,Don't keep plastic spoon in jar!!!
P1000-03,2019-03-09,4,-0.632400,negative,Great interactive toy but my boy still to smart for it...lol
P1000-03,2019-11-16,5,0.338359,positive,Fantastic puzzle toy for our clever and busy pit bull! Just try not to get conked out with it.
P1000-03,2019-06-07,3,-0.318808,negative,Cute and entertaining
P1000-02,2019-10-21,1,0.499226,positive,Grove Square K-cups - DO NOT BUY!
P1000-03,2019-06-10,5,-0.329004,negative,Good Quality
P1000-03,2019-04-26,3,0.503745,positive,Pretty good
P1000-03,2019-07-30,4,-0.391159,negative,Easier than I expected
P1000-02,2019-10-02,4,0.452304,positive,Nice treat
P1000-02,2019-08-16,5,0.835008,positive,My new favorite for a cocoa-type drink
P1000-03,2019-12-03,1,-0.634121,negative,probably the most dangerous toy I ever purchased
P1000-03,2019-10-14,1,-0.899111,negative,Tug-a-Jug lasts 5 minutes.
P1000-02,2019-11-20,1,-0.708520,negative,"Horrible, Instant coffee, Hydrogenated oil inside, health hazard!!!"
P1000-03,2019-10-16,1,-0.904553,negative,poor quality !!!!
P1000-03,2019-04-07,5,-0.397087,negative,tug jug dog toy
P1000-04,2019-05-09,5,0.764487,positive,Excellent Quality Coconut Oil
P1000-04,2019-08-16,5,0.444107,positive,Very Good Oil
P1000-04,2019-04-22,4,0.940185,positive,coconut oil
P1000-04,2019-12-23,5,0.621476,positive,2nd order
P1000-02,2019-12-08,1,0.554675,positive,Instant coffee
P1000-03,2019-12-07,4,-0.614442,negative,"Great challenging ""interactive"" toy but rope is too thick!"
P1000-02,2019-12-28,5,0.910708,positive,I'm addicted!!!
P1000-02,2019-12-16,4,0.852202,positive,Pretty good
P1000-02,2019-01-28,5,0.788902,positive,Love this coffee!
P1000-02,2019-09-01,1,0.564469,positive,Way to sweet
P1000-03,2019-02-06,1,-0.522720,negative,Dog Danger
P1000-04,2019-02-15,5,0.881607,positive,Great for popcorn.  Keeps indefinitely.
P1000-02,2019-02-14,2,0.281856,positive,Bad aftertaste - and review the ingredients!  24% of daily saturated fat per serving!
P1000-03,2019-07-05,5,0.391053,positive,Good alternative to a Buster Cube
P1000-02,2019-02-28,1,0.511819,positive,What a disappointment
P1000-01,2019-07-26,4,-0.325727,negative,Beneful definitely passed the dog taste-test in this house!
P1000-02,2019-02-14,1,-0.338745,negative,very weak!
P1000-02,2019-01-13,5,0.609271,positive,Exactly what I was looking for
P1000-04,2019-02-06,5,0.931942,positive,Coconut oil
P1000-04,2019-10-09,5,0.755112,positive,Excellent Coconut Oil
P1000-04,2019-08-13,5,0.765802,positive,Moisturizer
P1000-04,2019-07-27,5,0.310915,positive,I'm Sold on Coconut Oil
P1000-03,2019-01-14,1,-0.909862,negative,Plastic Lid Breaks Easily
P1000-04,2019-04-09,5,-0.324921,negative,great for aging skin!
P1000-02,2019-11-05,5,0.674737,positive,New morning pleasure
P1000-02,2019-03-18,1,-0.416252,negative,Low Quality. High Calorie and Fat.
P1000-03,2019-10-05,4,0.542568,positive,A mixed review
P1000-04,2019-07-29,5,0.469313,positive,Organic extra virgin coconut oil
P1000-02,2019-11-03,2,-0.409632,negative,Not as expected
P1000-02,2019-11-24,5,0.739466,positive,Love it - give it a try
P1000-02,2019-07-30,5,0.730410,positive,"Great, but..."
P1000-04,2019-03-01,5,0.657463,positive,Great for cooking and skin/haircare!
P1000-02,2019-03-23,1,-0.934889,negative,Partially Hydroginated crap
P1000-04,2019-11-07,5,0.856723,positive,I really enjoy it's clean fresh taste and light texture.
P1000-02,2019-11-24,5,0.953694,positive,So yummy!!
P1000-04,2019-07-15,5,0.699066,positive,Superb Quality!
P1000-03,2019-05-04,2,-0.320466,negative,Bad for extreme chewers and smart dogs
P1000-04,2019-04-25,5,-0.569265,negative,Best product & best Price
P1000-02,2019-01-05,5,0.756927,positive,Great product!
P1000-02,2019-01-25,2,0.924361,positive,"Vey, verry sweet"
P1000-02,2019-07-30,5,0.970556,positive,awesome
P1000-02,2019-10-19,2,0.481594,positive,Convenience Store Cappuccino
P1000-03,2019-08-17,1,-0.801547,negative,ATTENTION: This toy is DANGEROUS for your dog!
P1000-04,2019-01-13,5,0.881222,positive,Love it!
P1000-02,2019-08-05,5,0.802228,positive,gray1
P1000-01,2019-07-24,4,0.841037,positive,My dog enjoys it
P1000-03,2019-08-28,4,0.509746,positive,nice toy
P1000-03,2019-06-28,4,0.841618,positive,Pretty good occupier
P1000-01,2019-07-28,4,0.283929,positive,Average sized bits that the dogs just loved
P1000-03,2019-11-23,2,0.261852,positive,Not As Described
P1000-03,2019-08-05,4,0.693509,positive,Easy!
P1000-03,2019-05-24,5,-0.430484,negative,great way to feed!
P1000-02,2019-04-11,5,0.961492,positive,Tasty
P1000-02,2019-02-24,1,0.285866,positive,lame
P1000-03,2019-05-31,4,-0.465453,negative,keeps 'em busy!
P1000-03,2019-05-12,5,0.443636,positive,GREAT entertainment for my pooch!
P1000-04,2019-02-24,4,0.788418,positive,Wonderful to use!
P1000-04,2019-07-26,5,0.857149,positive,"amazingly delicious fresh coconut scent, beautiful white color, versatile, AND ORGANIC!"
P1000-03,2019-05-17,5,0.529673,positive,keeps the pup busy!
P1000-04,2019-05-19,5,0.836911,positive,It's the new EVOO!
P1000-02,2019-01-04,5,0.654456,positive,Love these!
P1000-03,2019-07-26,5,0.328100,positive,No more inhaling dinner!
P1000-03,2019-01-19,5,-0.614593,negative,Two Years is a LONG Time
P1000-02,2019-01-23,1,0.000000,neutral,Ingredients
P1000-02,2019-07-24,5,-0.823032,negative,Like Christmas Morning in a mug!
P1000-02,2019-12-05,5,0.471338,positive,YUM!
P1000-04,2019-05-25,5,0.921767,positive,Coconut oil is awesome!
P1000-03,2019-12-06,5,0.443464,positive,we use it daily
P1000-03,2019-11-07,3,0.474311,positive,"Love This Product, But..."
P1000-02,2019-02-23,3,0.898373,positive,Too sweet
P1000-02,2019-01-28,5,0.582416,positive,Delsih and Yummy
P1000-03,2019-05-07,4,0.332552,positive,definately entertaining!
P1000-04,2019-02-05,5,0.933084,positive,Fresh and Clean
P1000-04,2019-10-15,5,0.401727,positive,Great for kitchen and bath use!
P1000-03,2019-05-04,4,-0.310670,negative,Not bad but not Jasper proof
P1000-04,2019-03-25,5,0.896029,positive,Taste fantastic with just about anything and not strong...
P1000-04,2019-02-04,5,0.977847,positive,Great Product & Quick Shipping
P1000-04,2019-01-16,5,0.790898,positive,Awesome for Hair!
P1000-03,2019-01-17,1,-0.605425,negative,Don't Waste Your Money
P1000-02,2019-10-15,5,0.829449,positive,Yum!
P1000-03,2019-06-29,5,0.842035,positive,My Yorkie can spend hours playing with the Tug-A-Jug!
P1000-04,2019-12-29,5,0.877111,positive,I love this coconut oil!!
P1000-03,2019-10-01,5,0.699896,positive,The best dog toy I ever bought :)
P1000-02,2019-02-01,1,-0.676176,negative,INSTANT COFFEE!
P1000-02,2019-09-16,5,0.876175,positive,Grove square cappuccino
P1000-02,2019-12-08,5,0.648409,positive,SPIKE this with some Irish cream liqueur
P1000-02,2019-05-16,1,-0.710729,negative,Hated it
P1000-03,2019-04-26,5,0.684599,positive,Our Rescue Pup LOVES this toy!
P1000-04,2019-02-15,5,0.739339,positive,How did I live without this?
P1000-03,2019-01-05,5,0.703992,positive,Boomer's New Toy
P1000-03,2019-06-28,5,0.324294,positive,Great Way to Entertain Your Dog
P1000-03,2019-08-12,5,-0.367568,negative,Keeps my dog occupied for a looooong time!
P1000-02,2019-08-12,5,0.268597,positive,French Vanilla - heaven!
P1000-03,2019-03-27,4,0.514417,positive,Good food toy for the rotation
P1000-03,2019-09-04,3,-0.752491,negative,Too Big for small dogs
P1000-04,2019-10-13,5,0.469311,positive,Healthy AND Delicious
P1000-02,2019-09-09,5,0.864252,positive,Great Cappuccino
P1000-03,2019-11-26,5,0.375433,positive,Georgia and Diego love  Tug-A-Jug
P1000-04,2019-10-05,5,0.970634,positive,Great on toast
P1000-04,2019-05-01,5,0.942330,positive,Fabulous!
P1000-02,2019-09-18,5,0.929848,positive,The Best!!
P1000-02,2019-03-12,1,-0.880225,negative,Pretty Bad
P1000-03,2019-03-08,5,0.305467,positive,40 lbs boxer mix loves it and hasn't been able to chew it up!!!!
P1000-02,2019-12-13,5,0.960643,positive,Great Taste...
P1000-04,2019-03-01,5,0.331050,positive,SO MANY USES!
P1000-04,2019-07-28,5,0.917852,positive,Wonderful!
P1000-02,2019-04-03,3,0.536803,positive,Price Vs. Flavor
P1000-03,2019-12-12,5,-0.404850,negative,good toy
P1000-02,2019-02-12,1,-0.929033,negative,Disgusting
P1000-02,2019-12-28,5,0.844028,positive,I love these!
P1000-03,2019-08-28,5,0.802966,positive,sturdy
P1000-03,2019-08-19,5,0.597144,positive,Lab/Boxer Mix Loves It
P1000-02,2019-02-12,2,-0.297194,negative,Tastes awful due to sugar-free sweetener
P1000-03,2019-02-13,5,0.644214,positive,tug-a-jug
P1000-04,2019-04-12,3,0.292934,positive,"Love Nutiva, but Dioxin (plastic)"
